Fakhoury,Arabic,Unknown
Toma,Arabic,Unknown
Koury,Arabic,Unknown
Bata,Arabic,Japanese
Samaha,Arabic,Japanese
Sarraf,Arabic,Japanese
Hadad,Arabic,Arabic
Seif,Arabic,Unknown
Mansour,Arabic,Arabic
Maalouf,Arabic,Dutch
Kassis,Arabic,Arabic
Nader,Arabic,English
Harb,Arabic,Unknown
Mustafa,Arabic,Japanese
Shamon,Arabic,English
Shalhoub,Arabic,Arabic
Rahal,Arabic,Arabic
Dagher,Arabic,English
Arian,Arabic,Arabic
Haik,Arabic,Czech
Mustafa,Arabic,Japanese
Handal,Arabic,Arabic
Shamoon,Arabic,Dutch
Quraishi,Arabic,Italian
Naser,Arabic,English
Tahan,Arabic,Arabic
Mifsud,Arabic,Unknown
Malouf,Arabic,Unknown
Baba,Arabic,Japanese
Botros,Arabic,Unknown
Kouri,Arabic,Italian
Kassis,Arabic,Arabic
Shamon,Arabic,English
Isa,Arabic,Korean
Deeb,Arabic,Dutch
Naifeh,Arabic,German
Antoun,Arabic,Arabic
Abadi,Arabic,Italian
Rahal,Arabic,Arabic
Zogby,Arabic,Unknown
Quraishi,Arabic,Italian
Mansour,Arabic,Arabic
Kattan,Arabic,Arabic
Abadi,Arabic,Italian
Boutros,Arabic,Unknown
Halabi,Arabic,Arabic
Tuma,Arabic,Unknown
Halabi,Arabic,Arabic
Atiyeh,Arabic,German
Antoun,Arabic,Arabic
Mifsud,Arabic,Unknown
Shadid,Arabic,Arabic
Ghannam,Arabic,Arabic
Seif,Arabic,Unknown
Zogby,Arabic,Unknown
Baba,Arabic,Japanese
Atiyeh,Arabic,German
Kanaan,Arabic,Arabic
Morcos,Arabic,Unknown
Mustafa,Arabic,Japanese
Bitar,Arabic,Unknown
Handal,Arabic,Arabic
Kattan,Arabic,Arabic
Said,Arabic,Unknown
Shalhoub,Arabic,Arabic
Shamoun,Arabic,Unknown
Nazari,Arabic,Italian
Boutros,Arabic,Unknown
Fakhoury,Arabic,Unknown
Kouri,Arabic,Italian
Mifsud,Arabic,Unknown
Hadad,Arabic,Arabic
Guirguis,Arabic,Unknown
Baba,Arabic,Japanese
Salib,Arabic,Unknown
Zogby,Arabic,Unknown
Bitar,Arabic,Unknown
Saliba,Arabic,Japanese
Tahan,Arabic,Arabic
Bitar,Arabic,Unknown
Nahas,Arabic,Japanese
Ganim,Arabic,Arabic
Khoury,Arabic,Unknown
Isa,Arabic,Korean
Maalouf,Arabic,Dutch
Shadid,Arabic,Arabic
Ghanem,Arabic,Arabic
Deeb,Arabic,Dutch
Mikhail,Arabic,Unknown
Ganim,Arabic,Arabic
Hadad,Arabic,Arabic
Arian,Arabic,Arabic
Khoury,Arabic,Unknown
Basara,Arabic,Japanese
Toma,Arabic,Unknown
Srour,Arabic,Unknown
Nassar,Arabic,Arabic
Ganim,Arabic,Arabic
Basara,Arabic,Japanese
Dagher,Arabic,English
Kalb,Arabic,Japanese
Ganem,Arabic,Arabic
Kassis,Arabic,Arabic
Hajjar,Arabic,Arabic
Ganem,Arabic,Arabic
Nahas,Arabic,Japanese
Hajjar,Arabic,Arabic
Assaf,Arabic,Arabic
Mansour,Arabic,Arabic
Basara,Arabic,Japanese
Attia,Arabic,Japanese
Sarkis,Arabic,Unknown
Kouri,Arabic,Italian
Wasem,Arabic,Unknown
Asker,Arabic,English
Salib,Arabic,Unknown
Nahas,Arabic,Japanese
Harb,Arabic,Unknown
Shadid,Arabic,Arabic
Kattan,Arabic,Arabic
Moghadam,Arabic,Arabic
Maroun,Arabic,Unknown
Cham,Arabic,Unknown
Ghanem,Arabic,Arabic
Malouf,Arabic,Unknown
Salib,Arabic,Unknown
Asghar,Arabic,Japanese
Guirguis,Arabic,Unknown
Hanania,Arabic,Arabic
Qureshi,Arabic,Italian
Abboud,Arabic,Unknown
Khouri,Arabic,Italian
Baba,Arabic,Japanese
Botros,Arabic,Unknown
Srour,Arabic,Unknown
Tuma,Arabic,Unknown
Koury,Arabic,Unknown
Antar,Arabic,Arabic
Arian,Arabic,Arabic
Maloof,Arabic,Dutch
Haddad,Arabic,Arabic
Tuma,Arabic,Unknown
Guirguis,Arabic,Unknown
Asghar,Arabic,Japanese
Ganem,Arabic,Arabic
Daher,Arabic,English
Maalouf,Arabic,Dutch
Bitar,Arabic,Unknown
Kouri,Arabic,Italian
Mustafa,Arabic,Japanese
Abboud,Arabic,Unknown
Najjar,Arabic,Arabic
Fakhoury,Arabic,Unknown
Shalhoub,Arabic,Arabic
Shadid,Arabic,Arabic
Mifsud,Arabic,Unknown
Antoun,Arabic,Arabic
Isa,Arabic,Korean
Abadi,Arabic,Italian
Salib,Arabic,Unknown
Hajjar,Arabic,Arabic
Hadad,Arabic,Arabic
Tuma,Arabic,Unknown
Ghannam,Arabic,Arabic
Mustafa,Arabic,Japanese
Ganim,Arabic,Arabic
Malouf,Arabic,Unknown
Srour,Arabic,Unknown
Shamon,Arabic,English
Hadad,Arabic,Arabic
Halabi,Arabic,Arabic
Bahar,Arabic,Japanese
Maroun,Arabic,Unknown
Shamoon,Arabic,Dutch
Shamoun,Arabic,Unknown
Kassis,Arabic,Arabic
Nader,Arabic,English
Sabbagh,Arabic,Japanese
Naser,Arabic,English
Khouri,Arabic,Italian
Arian,Arabic,Arabic
Mustafa,Arabic,Japanese
Khoury,Arabic,Unknown
Asfour,Arabic,Unknown
Nassar,Arabic,Arabic
Rahal,Arabic,Arabic
Asker,Arabic,English
Haddad,Arabic,Arabic
Atiyeh,Arabic,German
Awad,Arabic,Japanese
Sarkis,Arabic,Unknown
Abadi,Arabic,Italian
Cham,Arabic,Unknown
Boutros,Arabic,Unknown
Srour,Arabic,Unknown
Haddad,Arabic,Arabic
Totah,Arabic,Unknown
Awad,Arabic,Japanese
Dagher,Arabic,English
Atiyeh,Arabic,German
Guirguis,Arabic,Unknown
Srour,Arabic,Unknown
Kalb,Arabic,Japanese
Haddad,Arabic,Arabic
Bata,Arabic,Japanese
Khoury,Arabic,Unknown
Nazari,Arabic,Italian
Maroun,Arabic,Unknown
Shadid,Arabic,Arabic
Awad,Arabic,Japanese
Antoun,Arabic,Arabic
Arian,Arabic,Arabic
Malouf,Arabic,Unknown
Attia,Arabic,Japanese
Maroun,Arabic,Unknown
Hakimi,Arabic,Unknown
Bahar,Arabic,Japanese
Mustafa,Arabic,Japanese
Abadi,Arabic,Italian
Essa,Arabic,Arabic
Srour,Arabic,Unknown
Rahal,Arabic,Arabic
Sarraf,Arabic,Japanese
Ganim,Arabic,Arabic
Ganem,Arabic,Arabic
Arian,Arabic,Arabic
Sayegh,Arabic,Unknown
Ganim,Arabic,Arabic
Gaber,Arabic,English
Mikhail,Arabic,Unknown
Handal,Arabic,Arabic
Aswad,Arabic,Japanese
Antar,Arabic,Arabic
Tahan,Arabic,Arabic
Deeb,Arabic,Dutch
Attia,Arabic,Japanese
Basara,Arabic,Japanese
Kassab,Arabic,Arabic
Haddad,Arabic,Arabic
Tahan,Arabic,Arabic
Dagher,Arabic,English
Isa,Arabic,Korean
Kanaan,Arabic,Arabic
Ganim,Arabic,Arabic
Gerges,Arabic,German
Nahas,Arabic,Japanese
Nader,Arabic,English
Sayegh,Arabic,Unknown
Antar,Arabic,Arabic
Maalouf,Arabic,Dutch
Hanania,Arabic,Arabic
Daher,Arabic,English
Baba,Arabic,Japanese
Daher,Arabic,English
Mustafa,Arabic,Japanese
Handal,Arabic,Arabic
Essa,Arabic,Arabic
Nassar,Arabic,Arabic
Quraishi,Arabic,Italian
Salib,Arabic,Unknown
Boutros,Arabic,Unknown
Sleiman,Arabic,Arabic
Khoury,Arabic,Unknown
Sayegh,Arabic,Unknown
Nahas,Arabic,Japanese
Totah,Arabic,Unknown
Bata,Arabic,Japanese
Naser,Arabic,English
Kanaan,Arabic,Arabic
Abboud,Arabic,Unknown
Asker,Arabic,English
Zogby,Arabic,Unknown
Asker,Arabic,English
Cham,Arabic,Unknown
Malouf,Arabic,Unknown
Bazzi,Arabic,Arabic
Bazzi,Arabic,Arabic
Cham,Arabic,Unknown
Naifeh,Arabic,German
Sarkis,Arabic,Unknown
Kalb,Arabic,Japanese
Bazzi,Arabic,Arabic
Aswad,Arabic,Japanese
Mansour,Arabic,Arabic
Ba,Arabic,Korean
Assaf,Arabic,Arabic
Koury,Arabic,Unknown
Saliba,Arabic,Japanese
Ganem,Arabic,Arabic
Zogby,Arabic,Unknown
Safar,Arabic,Japanese
Shadid,Arabic,Arabic
Ganim,Arabic,Arabic
Issa,Arabic,Arabic
Hakimi,Arabic,Unknown
Sarkis,Arabic,Unknown
Assaf,Arabic,Arabic
Mustafa,Arabic,Japanese
Asghar,Arabic,Japanese
Boutros,Arabic,Unknown
Bian,Chinese,Arabic
Bao,Chinese,Chinese
You,Chinese,Korean
Ow-Yang,Chinese,Arabic
She,Chinese,Korean
Pan,Chinese,Arabic
Law,Chinese,French
Mai,Chinese,Korean
Woo,Chinese,Dutch
Dan,Chinese,Arabic
Lao,Chinese,Chinese
Tze,Chinese,Korean
Zhi,Chinese,Italian
Shaw,Chinese,Unknown
Xiang,Chinese,Arabic
Lai,Chinese,French
Zeng,Chinese,Chinese
Seah,Chinese,Unknown
Guo,Chinese,Korean
Dou,Chinese,Korean
Tsen,Chinese,Unknown
Wan,Chinese,Arabic
Fan,Chinese,Arabic
Rui,Chinese,Korean
Jing,Chinese,Chinese
Tang,Chinese,Arabic
Dai,Chinese,Korean
Kang,Chinese,Arabic
Qiu,Chinese,Chinese
Niu,Chinese,Chinese
Shen,Chinese,Unknown
Sheng,Chinese,Chinese
Yin,Chinese,Chinese
Jin,Chinese,Chinese
Min,Chinese,Chinese
Wei,Chinese,Korean
Pei,Chinese,Korean
Loong,Chinese,Chinese
Yau,Chinese,Japanese
Chao,Chinese,Chinese
Cermak,Czech,Czech
Ballalatak,Czech,Czech
Vaca,Czech,Japanese
Cerv,Czech,German
Kafka,Czech,Japanese
Faltejsek,Czech,Czech
Ransom,Czech,Arabic
Camfrlova,Czech,Japanese
Kuffel,Czech,Japanese
Zipperer,Czech,English
Urbanek,Czech,Arabic
Kesl,Czech,Unknown
Michalovicova,Czech,Arabic
Ponec,Czech,Unknown
Doljs,Czech,Unknown
Opizka,Czech,Irish
Lawa,Czech,French
Kocian,Czech,Arabic
Brabbery,Czech,German
Kudrna,Czech,Japanese
Chalupka,Czech,Arabic
Friedrich,Czech,Unknown
Betlach,Czech,Unknown
Schenk,Czech,Unknown
Suchanka,Czech,Arabic
Frierdich,Czech,German
Kenzel,Czech,Unknown
Pellar,Czech,Unknown
Wilchek,Czech,Czech
Ruba,Czech,Unknown
Blazejovsky,Czech,Unknown
Weiss,Czech,Arabic
Veverka,Czech,German
Safko,Czech,Czech
Kreutschmer,Czech,English
Treblik,Czech,Czech
Grygarova,Czech,Japanese
Schwarz,Czech,Unknown
Holub,Czech,Unknown
Rebka,Czech,Japanese
Timpe,Czech,Unknown
Shula,Czech,Unknown
Grulich,Czech,Unknown
Sankovsky,Czech,Arabic
Kulhanek,Czech,Arabic
Voneve,Czech,Unknown
Kvasnicka,Czech,Japanese
Grabski,Czech,Unknown
Satorie,Czech,Unknown
Katschker,Czech,English
Peary,Czech,Unknown
Stangl,Czech,Arabic
Vlasek,Czech,Czech
Petersen,Czech,German
Antonowitz,Czech,Arabic
Drassal,Czech,Arabic
Svejkovsky,Czech,Unknown
Jarzembowski,Czech,Unknown
Praseta,Czech,Japanese
Finferovy,Czech,Chinese
Kopp,Czech,Unknown
Mojjis,Czech,Arabic
Uhlik,Czech,Czech
Jonas,Czech,Unknown
Wiesner,Czech,English
Stary,Czech,Unknown
Skokan,Czech,Arabic
Stramba,Czech,Japanese
Dehmel,Czech,German
Herodes,Czech,German
Ustohal,Czech,Arabic
Bacon,Czech,English
Handzlik,Czech,Arabic
Ruzicka,Czech,Japanese
Kopecky,Czech,Unknown
Chilar,Czech,Unknown
Paiser,Czech,English
Peter,Dutch,English
Rompaye,Dutch,Unknown
Snaijer,Dutch,English
Penners,Dutch,German
Smit,Dutch,Unknown
Zee,Dutch,Dutch
Ven,Dutch,Korean
Apeldoorn,Dutch,Dutch
Roijakker,Dutch,English
Aller,Dutch,English
Ramaaker,Dutch,Dutch
Laar,Dutch,Dutch
Schuyler,Dutch,English
Peeters,Dutch,Dutch
Rameckers,Dutch,German
Mohren,Dutch,Unknown
Buggenum,Dutch,Unknown
Niftrik,Dutch,Czech
Rossum,Dutch,Arabic
Ogterop,Dutch,German
Rompa,Dutch,Unknown
Hautem,Dutch,Unknown
Slootmaekers,Dutch,Dutch
Leeuwenhoek,Dutch,Czech
Kolijn,Dutch,Unknown
Muyskens,Dutch,Unknown
Meeuwes,Dutch,Dutch
Koumans,Dutch,Arabic
Laar,Dutch,Dutch
Spijker,Dutch,English
Schoonraad,Dutch,Dutch
Koeman,Dutch,Arabic
Kollen,Dutch,Unknown
Buren,Dutch,Unknown
Silje,Dutch,Unknown
Seghers,Dutch,German
Akker,Dutch,English
Koning,Dutch,Chinese
Andel,Dutch,Arabic
Reynder,Dutch,English
Schwarzenberg,Dutch,German
Kool,Dutch,Dutch
Amelsvoort,Dutch,Dutch
Klerken,Dutch,German
Dewar,English,Unknown
Dawkins,English,Chinese
Fraser,English,English
English,English,Chinese
Boyce,English,Unknown
Bickley,English,English
Dundon,English,English
Adkins,English,Chinese
Hodge,English,Unknown
Jubb,English,Unknown
Hallam,English,Arabic
Fifield,English,Unknown
Carnegie,English,Unknown
Jordan,English,Arabic
Reygan,English,Arabic
Riseborough,English,Unknown
Warwick,English,Unknown
Kinrade,English,Chinese
Mansell,English,Arabic
Donkin,English,Chinese
Hubbard,English,Unknown
Kettlewell,English,English
Goulden,English,Unknown
Jacks,English,Unknown
Ashurst,English,Unknown
Jakeman,English,Arabic
Purcell,English,English
Johanson,English,Arabic
Falsh,English,Unknown
Hopwood,English,Dutch
Pitchford,English,Unknown
Holl,English,Unknown
Keenan,English,Arabic
Sylvester,English,English
Neary,English,Unknown
Taggart,English,Japanese
Carter,English,English
Foran,English,Arabic
Thornton,English,English
Ashcroft,English,Unknown
Crawley,English,English
Pickford,English,Unknown
Bramley,English,English
Ginty,English,Chinese
Tansley,English,Arabic
Hanson,English,Arabic
Horn,English,Unknown
Leach,English,French
Hope,English,Unknown
Bithell,English,English
Millard,English,Unknown
Worrall,English,English
Connell,English,English
Isgate,English,Unknown
Mckeown,English,Unknown
Upton,English,English
Sharma,English,Japanese
Biddle,English,Unknown
Finnimore,English,Chinese
Endroe,English,Unknown
Donoghue,English,Unknown
Jerry,English,German
Simpson,English,English
Diamond,English,Unknown
Crofts,English,Unknown
Ryans,English,Arabic
Plouvin,English,Chinese
Lawrie,English,French
Abrahams,English,Japanese
Hirst,English,Unknown
Osman,English,Arabic
Humphreys,English,Unknown
Kehoe,English,German
Fearnley,English,English
Sparrow,English,Unknown
Zaoui,English,Chinese
Laraway,English,French
Thurston,English,English
Bradbury,English,Unknown
Donald,English,Unknown
Gourlay,English,Unknown
Welton,English,English
Kiddle,English,Unknown
Dougherty,English,German
Keene,English,Dutch
Roffey,English,English
Lightfoot,English,Dutch
Leyshon,English,English
Farrell,English,English
Essam,English,Arabic
Toucet,English,Unknown
Rick,English,Unknown
Sutherland,English,Arabic
Lynch,English,Unknown
Kirkbride,English,Unknown
Coates,English,Unknown
Bradley,English,English
Leek,English,Czech
Fielder,English,English
Reay,English,Unknown
Neale,English,Unknown
Ripley,English,English
Spooner,English,Dutch
Hargreaves,English,German
Wilde,English,Unknown
Sadiq,English,Unknown
Gonzalez,English,Unknown
Owens,English,Irish
Bower,English,English
Estlick,English,Unknown
Bancroft,English,Arabic
Maher,English,English
Adlam,English,Japanese
Newman,English,Arabic
Rickards,English,Japanese
Alford,English,Unknown
Edwick,English,Unknown
Dymond,English,Unknown
Clamp,English,Unknown
Anscombe,English,Arabic
Lane,English,Arabic
Mcmillan,English,Arabic
Wills,English,Unknown
Odam,English,Irish
Wotherspoon,English,Dutch
Pett,English,English
Goodall,English,Dutch
Griggs,English,Unknown
Rollinson,English,Chinese
Widdowson,English,English
Dexter,English,English
Eadie,English,Unknown
Elliott,English,English
Stephenson,English,English
Addis,English,Unknown
Kolt,English,Unknown
Dora,English,Unknown
Mcnally,English,Unknown
Oxenham,English,Irish
Partlett,English,English
Wears,English,Unknown
Dowling,English,Chinese
Down,English,Unknown
Donohoe,English,Unknown
Greig,English,Unknown
Ellwood,English,Dutch
Worthington,English,Chinese
Tufnall,English,English
Molloy,English,Unknown
Roach,English,Unknown
Mckee,English,Dutch
Stainton,English,Chinese
Sayers,English,German
Myers,English,German
Butler,English,English
Chauhan,English,Arabic
Watling,English,Chinese
Ayres,English,Unknown
Eastaway,English,Japanese
Wales,English,Unknown
Fairbairn,English,Japanese
Phipps,English,Unknown
Fabb,English,Unknown
Glass,English,Arabic
Tate,English,Unknown
Cutts,English,Unknown
Samuel,English,Unknown
Hand,English,Arabic
Hinton,English,Chinese
Field,English,Unknown
Wileman,English,Arabic
Twiggs,English,Unknown
Werrett,English,English
Reisser,English,Arabic
Fitton,English,English
Waite,English,Unknown
Cookson,English,Dutch
Le tissier,English,Arabic
Lumb,English,Unknown
Higgs,English,Unknown
Duke,English,French
Illingworth,English,Chinese
Pennell,English,English
Ardern,English,German
Thorley,English,English
Oxby,English,Irish
Readle,English,Unknown
Okey,English,English
Essop,English,Arabic
Dwyer,English,English
Pennington,English,Chinese
Negros,English,Unknown
Delamarre,English,Japanese
Lobb,English,Unknown
Pinnock,English,Chinese
Biggs,English,Unknown
Bruce,English,Unknown
Nineham,English,Chinese
Mccann,English,Arabic
Lees,English,Dutch
Halliday,English,Arabic
Eastaugh,English,Japanese
Ullman,English,Arabic
Gower,English,English
Johns,English,Unknown
Wilton,English,English
Lilwall,English,English
Hussein,English,Arabic
Rickett,English,English
Sweeting,English,Chinese
Keeble,English,Dutch
Laird,English,French
Maclean,English,Arabic
Entwistle,English,Unknown
Fisk,English,Unknown
Crowe,English,Unknown
Daugherty,English,German
Ralph,English,Unknown
Roome,English,Dutch
Davenport,English,German
Nairn,English,Unknown
Dale,English,Unknown
Tompkins,English,Chinese
Uttridge,English,Unknown
Timberlake,English,German
Burns,English,Unknown
Daniel,English,Arabic
Cohen,English,Unknown
Huggins,English,Chinese
Luttrell,English,English
Newill,English,Unknown
Eales,English,Unknown
Niles,English,Unknown
Steward,English,Unknown
Morris,English,Unknown
Hogg,English,Unknown
Langridge,English,Arabic
Burn,English,Unknown
Aves,English,German
Shand,English,Arabic
Leary,English,French
Foulkes,English,Unknown
Forman,English,Arabic
Pendlebury,English,Unknown
Hallett,English,Arabic
Jasper,English,English
London,English,English
Plummer,English,English
Dodd,English,Unknown
Bennett,English,English
Morrow,English,Unknown
Fellows,English,Unknown
Ayley,English,English
Gough,English,Unknown
Yetman,English,Arabic
Issac,English,Arabic
Elstone,English,Unknown
Hutchison,English,English
Love,English,Unknown
Aziz,English,Unknown
Alderson,English,English
Hepburn,English,Unknown
Nicolson,English,English
Robbins,English,Chinese
Alanson,English,Arabic
Shah,English,Unknown
Goodson,English,Dutch
Cavanagh,English,Arabic
Awad,English,Japanese
Brookfield,English,Dutch
Deighton,English,English
Hood,English,Dutch
Gilbert,English,German
Blackwell,English,English
Fitzsimmons,English,Unknown
Golding,English,Chinese
Leese,English,Dutch
Flaherty,English,German
Moseley,English,English
Powles,English,Unknown
Downton,English,English
Paige,English,Unknown
Acton,English,English
Annan,English,Arabic
Drewett,English,English
Lancaster,English,Arabic
Kinsley,English,Chinese
Verell,English,English
Norville,English,Unknown
Luscombe,English,Unknown
Devonport,English,Unknown
Jeffreys,English,Unknown
Ulyatt,English,English
Matthews,English,Unknown
Blythe,English,Unknown
Norburn,English,Unknown
Emery,English,German
Gavin,English,Chinese
Kirwin,English,Chinese
Voakes,English,Unknown
D arcy,English,Unknown
Exon,English,English
Perrins,English,Chinese
Harper,English,English
Vine,English,Chinese
Dougal,English,Unknown
Strange,English,Arabic
Pooke,English,Dutch
Thirlway,English,Unknown
Keward,English,Unknown
Gibbon,English,English
Bateman,English,Arabic
Olds,English,Irish
Manson,English,Arabic
Faust,English,Unknown
Govender,English,English
Wright,English,Unknown
Elkington,English,Chinese
Debenham,English,Unknown
Ingham,English,Chinese
Bone,English,Unknown
Busby,English,Unknown
Shea,English,Unknown
Arnold,English,Unknown
Mcnulty,English,Unknown
Vernon,English,English
Jewers,English,German
Jervis,English,German
Rann,English,Arabic
Graham,English,Japanese
Sanders,English,Arabic
Osborne,English,Irish
Yapp,English,Japanese
Richards,English,Unknown
Lucas,English,Unknown
Button,English,English
Winman,English,Arabic
Lowrie,English,Unknown
Varey,English,English
Bowen,English,Unknown
Farrer,English,English
Foxall,English,English
Draper,English,English
Steadman,English,Arabic
Jenas,English,Unknown
Stamp,English,Unknown
Kempster,English,English
Mathers,English,German
Hodder,English,English
Orvis,English,Irish
Gately,English,Unknown
Tunks,English,Unknown
Addams,English,Japanese
Ketley,English,English
Baron,English,English
Pinsmail,English,Chinese
Vanwell,English,Arabic
Hitchcock,English,Unknown
Wragg,English,Unknown
Allcott,English,English
Furniss,English,Arabic
Stacey,English,English
Gillam,English,Unknown
Hannam,English,Arabic
Dufour,English,French
Rivers,English,German
Number,English,English
Martin,English,Chinese
Eltis,English,Unknown
Timms,English,Unknown
Mccartney,English,English
Ross,English,Arabic
Yeardley,English,English
Underdown,English,German
Desai,English,Unknown
Dermody,English,German
Patterson,English,English
Drew,English,Unknown
Winder,English,Chinese
Furnell,English,English
Walsh,English,Unknown
Finlay,English,Chinese
Guthrie,English,Unknown
Ainley,English,Chinese
Ekin,English,Chinese
Upfield,English,Unknown
Donaldson,English,English
Fernandez,English,Arabic
Knab,English,Unknown
Smit,English,Unknown
Ogden,English,Irish
Donnelly,English,Unknown
Jupp,English,Unknown
Thompson,English,English
Mcleod,English,Unknown
Norbury,English,Unknown
Houghton,English,English
Kingscott,English,Chinese
Elvins,English,Chinese
Livingstone,English,Chinese
Burland,English,Arabic
Picot,English,Unknown
Stuckey,English,English
Reader,English,English
Lyons,English,Unknown
Farnsworth,English,Unknown
Rixon,English,English
Broadbent,English,Unknown
Mangnall,English,Arabic
Crawford,English,Unknown
Alladee,English,Dutch
Kane,English,Arabic
Mclaren,English,Unknown
Rainey,English,Chinese
Ferguson,English,English
Nowak,English,Czech
Coward,English,Unknown
Finney,English,Chinese
Lowe,English,Unknown
Glaister,English,English
Ratcliffe,English,Unknown
Astle,English,Unknown
Mackie,English,Unknown
Illing,English,Chinese
Mulligan,English,Arabic
Lennard,English,French
Renshaw,English,Unknown
Rackham,English,Japanese
Kellems,English,Unknown
Simmonds,English,Unknown
Wraight,English,Unknown
Maguire,English,Unknown
Larkings,English,Chinese
Chilvers,English,German
Kerby,English,German
Isaac,English,Dutch
Wicks,English,Unknown
Urwin,English,Chinese
Snow,English,Unknown
Ramsden,English,Unknown
Collinson,English,Chinese
Townsend,English,Unknown
Elleray,English,German
Algar,English,Japanese
Newsome,English,Unknown
Windsor,English,Chinese
Tocher,English,English
Labbe,English,French
Willetts,English,Unknown
Appleby,English,Unknown
Arrowsmith,English,Unknown
Yeomans,English,Arabic
Galloway,English,Japanese
Slater,English,English
Floyd,English,Unknown
Cahill,English,Unknown
Eley,English,English
Elliman,English,Arabic
Orwin,English,Chinese
Bartlett,English,English
Dykes,English,Unknown
Ball,English,English
Madden,English,Unknown
Macmillan,English,Arabic
Stott,English,English
Stenhouse,English,Unknown
Butt,English,English
Ridge,English,Unknown
Kurian,English,Arabic
Brook,English,Dutch
Chalmers,English,Arabic
Nandi,English,Arabic
Boyd,English,Unknown
Young,English,Chinese
Mcarthur,English,Unknown
Tallett,English,English
Laing,English,Chinese
Ingermann,English,Arabic
Flack,English,Unknown
Edmond,English,Unknown
Southwick,English,Unknown
Jessop,English,Arabic
Ormiston,English,English
Edmundson,English,English
Kirwan,English,Arabic
Homer,English,English
Forsythe,English,Unknown
Dolan,English,Arabic
Higgins,English,Chinese
Cullen,English,Unknown
Truman,English,Arabic
Trennery,English,German
Luce,English,Unknown
Townend,English,Unknown
Dunmore,English,French
Furlong,English,Chinese
Kenneford,English,Unknown
Walter,English,English
Adamson,English,English
Blundell,English,English
Notman,English,Arabic
Langley,English,Arabic
Cheung,English,Chinese
Knuckles,English,Unknown
Jobson,English,English
Laycock,English,French
Vines,English,Chinese
Eyett,English,English
Foreman,English,Arabic
Allsop,English,Unknown
Fell,English,English
Dalzell,English,English
Campbell,English,English
Nobbs,English,Unknown
Reveley,English,English
Dunn,English,French
Flanders,English,Arabic
Chelmy,English,Unknown
Petrova,English,Unknown
Ullmann,English,Arabic
Eckersall,English,English
Kellie,English,Unknown
Sherwood,English,Dutch
Heath,English,Unknown
Street,English,Dutch
Lowis,English,Unknown
Klein,English,Chinese
Lilly,English,Unknown
Layton,English,English
Epsom,English,Unknown
Denis,English,Unknown
Halliwell,English,Arabic
Litchfield,English,Unknown
Burnett,English,English
Ackroyd,English,Unknown
Okeefe,English,Dutch
Linley,English,Chinese
Hellier,English,English
Ingram,English,Chinese
Boulton,English,English
Braithwaite,English,Japanese
Wiles,English,Unknown
Johansen,English,Arabic
Banner,English,Arabic
Underwood,English,Dutch
Hardy,English,Unknown
Vallory,English,Unknown
Elbutt,English,English
Adsett,English,English
Shaughnessy,English,Arabic
Tailler,French,English
Marchand,French,Arabic
Giles,French,Unknown
Paquet,French,Unknown
Masson,French,Arabic
Robert,French,German
Charpentier,French,English
Patenaude,French,Japanese
Tobias,French,Unknown
Leclair,French,French
Bureau,French,Unknown
Bonnaire,French,Unknown
Lécuyer,French,English
Fabron,French,English
Dubois,French,French
Forest,French,Unknown
Olivier,French,English
Leroy,French,French
Paternoster,French,English
Babineaux,French,Chinese
Montagne,French,Unknown
Petit,French,Unknown
Lesauvage,French,French
Cousineau,French,Chinese
Traver,French,English
Arthur,French,Unknown
Richelieu,French,Unknown
Leclerc,French,French
Berger,French,English
Legrand,French,Arabic
Masson,French,Arabic
Duval,French,French
Duchamps,French,French
Romilly,French,Unknown
Colbert,French,German
Thayer,French,English
Hardy,French,Unknown
Charron,French,English
Labelle,French,French
Langlais,French,Arabic
Faucheux,French,Unknown
Buhr,German,Unknown
Holzknecht,German,Unknown
Grosse,German,Arabic
Herbert,German,German
Lieberenz,German,German
Blau,German,Unknown
Richter,German,English
Grosser,German,Arabic
Lang,German,Arabic
Rosenberger,German,English
Herschel,German,German
Lawrenz,German,French
Paternoster,German,English
Prinz,German,Chinese
Karl,German,Japanese
Tangeman,German,Arabic
Maas,German,Dutch
Schenck,German,Unknown
Schuhart,German,Unknown
Rothenberg,German,German
Gross,German,Arabic
Braun,German,Unknown
Fried,German,Unknown
Seidel,German,Unknown
Aleshite,German,Japanese
Mein,German,Chinese
Großel,German,Unknown
Houk,German,Unknown
Sulzbach,German,Unknown
Ackermann,German,Arabic
Trumbauer,German,English
Kempf,German,Unknown
Frost,German,Unknown
Sander,German,Arabic
Schuhmacher,German,English
Feldt,German,Unknown
Reuter,German,English
Bieber,German,English
Becker,German,English
Schmitt,German,English
Swango,German,Arabic
Küchler,German,English
Sorge,German,Unknown
Hasenkamp,German,Japanese
Samuel,German,Unknown
Stuber,German,English
Strobel,German,Unknown
Stumpf,German,Unknown
Unruh,German,Unknown
Janz,German,Arabic
Holst,German,Unknown
Gerhard,German,German
Garver,German,English
Rapp,German,Unknown
Gensch,German,Unknown
Müller,German,English
Rademaker,German,English
Baumhauer,German,English
Dittmar,German,Unknown
Penzig,German,Unknown
Bambach,German,Japanese
Kundert,German,German
Herrmann,German,Arabic
Köhler,German,English
Klein,German,Chinese
Wetzel,German,Unknown
Westerberg,German,German
Jaeger,German,English
Fromm,German,Unknown
Auer,German,English
Weigand,German,Arabic
Königsmann,German,Arabic
Meinhardt,German,Chinese
Wolf,German,Unknown
Albrecht,German,Unknown
Winther,German,Chinese
Gorman,German,Arabic
Kohl,German,Unknown
Greenberg,German,Dutch
Schuchardt,German,Unknown
Gott,German,English
Meier,German,English
Sauber,German,English
Nussbaum,German,Arabic
Achterberg,German,German
Krantz,German,Arabic
Baasch,German,Dutch
Schultheiss,German,Arabic
Kruckel,German,Unknown
Waltz,German,Unknown
Friedrich,German,Unknown
Loris,German,Unknown
Feld,German,Unknown
Bauer,German,English
Breisacher,German,English
Kaube,German,Japanese
Otto,German,Irish
Beltz,German,Unknown
Wedekind,German,Chinese
Lafrenz,German,French
Gabler,German,English
Dunkle,German,French
Gottschalk,German,Arabic
Gunther,German,English
Garber,German,English
Wieck,German,Unknown
Leitz,German,French
Armbruster,German,English
Antonopoulos,Greek,Arabic
Gomatos,Greek,Unknown
Egonidis,Greek,Unknown
Pappayiorgas,Greek,Japanese
Gavril,Greek,Unknown
Nomikos,Greek,Unknown
Lolos,Greek,Unknown
Adamidis,Greek,Japanese
Christakos,Greek,Unknown
Fourakis,Greek,Unknown
Alexandropoulos,Greek,Arabic
Bursinos,Greek,Chinese
Geracimos,Greek,German
Pantelakos,Greek,Arabic
Georgeakopoulos,Greek,Unknown
Kosmas,Greek,Unknown
Diakogeorgiou,Greek,Unknown
Gavrilopoulos,Greek,Unknown
Rorris,Greek,Unknown
Koumanidis,Greek,Arabic
Calpis,Greek,Unknown
Dioletis,Greek,Unknown
Kreskas,Greek,Japanese
Gianakopulos,Greek,Arabic
Agelakos,Greek,Japanese
Sardelis,Greek,Unknown
Zouvelekis,Greek,Unknown
Ruvelas,Greek,Unknown
Kotsiopoulos,Greek,Unknown
Dritsas,Greek,Unknown
Gallchobhar,Irish,Japanese
Maciomhair,Irish,Japanese
Power,Irish,English
Meadhra,Irish,Japanese
Reagan,Irish,Arabic
Mcnab,Irish,Unknown
Ceallachan,Irish,Arabic
Curran,Irish,Arabic
Madaidhin,Irish,Chinese
Hayden,Irish,Unknown
Maguire,Irish,Unknown
O'Shea,Irish,Irish
O'Rourke,Irish,Irish
Delaney,Irish,Arabic
Rinn,Irish,Chinese
O'Neill,Irish,Irish
Macghabhann,Irish,Arabic
Kavanagh,Irish,Arabic
Eoin,Irish,Chinese
Roach,Irish,Unknown
Mochan,Irish,Arabic
O'Kelly,Irish,Irish
Riagan,Irish,Arabic
O'Mooney,Irish,Dutch
O'Brian,Irish,Arabic
O'Meara,Irish,Irish
Nolan,Irish,Arabic
Quigley,Irish,English
Connolly,Irish,Unknown
Gerald,Irish,German
Macshuibhne,Irish,Unknown
Malone,Irish,Unknown
Sechnall,Irish,English
O'Doherty,Irish,German
Pietri,Italian,Italian
Zangari,Italian,Arabic
Ruggeri,Italian,German
Pellegrino,Italian,Chinese
Roma,Italian,Unknown
Sansone,Italian,Arabic
Uberti,Italian,German
Pavesi,Italian,German
Murgia,Italian,Unknown
Breda,Italian,Unknown
Donati,Italian,Italian
Bianchi,Italian,Arabic
Roncalli,Italian,Italian
Lagorio,Italian,French
Nanni,Italian,Arabic
D'ambrosio,Italian,Unknown
Carbone,Italian,Unknown
Lagomarsìno,Italian,French
Aliberti,Italian,German
Altoviti,Italian,Italian
Nieri,Italian,German
Acconci,Italian,Unknown
Giannino,Italian,Arabic
Albricci,Italian,Unknown
Albani,Italian,Arabic
Rais,Italian,Unknown
Tedesco,Italian,Unknown
Nepi,Italian,Unknown
Poggio,Italian,Unknown
Landolfi,Italian,Arabic
Aloia,Italian,Japanese
Provenza,Italian,Unknown
Nicosia,Italian,Unknown
Columbo,Italian,Unknown
Varano,Italian,Arabic
Capello,Italian,Unknown
Lazzari,Italian,Arabic
Bellandini,Italian,Arabic
Mosconi,Italian,Unknown
Salomon,Italian,English
Belloni,Italian,Unknown
Cattaneo,Italian,Arabic
Serpico,Italian,German
Sebastino,Italian,Chinese
Elena,Italian,Unknown
Amantea,Italian,Arabic
Salvatici,Italian,Japanese
Albero,Italian,German
Alduino,Italian,Chinese
Caito,Italian,Unknown
Sacco,Italian,Unknown
Abandonato,Italian,Arabic
Leccese,Italian,French
Santini,Italian,Arabic
Scordato,Italian,Unknown
Vescovi,Italian,Unknown
Pozzi,Italian,Arabic
Innocenti,Italian,Chinese
Antonelli,Italian,Arabic
Airaldi,Italian,Italian
Pesaro,Italian,Unknown
Lippi,Italian,Unknown
Barone,Italian,Unknown
Ré,Italian,Korean
Scutese,Italian,Unknown
Sarno,Italian,Unknown
Tamàro,Italian,Unknown
Laguardia,Italian,French
Pagani,Italian,Arabic
Bagnoli,Italian,Unknown
Poletti,Italian,Italian
Lèmmi,Italian,Unknown
Cremaschi,Italian,Italian
Ajello,Italian,Unknown
Fava,Italian,Japanese
Alinari,Italian,Chinese
Marino,Italian,Chinese
Aggio,Italian,Unknown
Nicolosi,Italian,Unknown
Lombardi,Italian,Italian
Napoliello,Italian,Unknown
Favero,Italian,German
Bellandi,Italian,Arabic
Acquati,Italian,Italian
Biondo,Italian,Unknown
Garofalo,Italian,Japanese
Acconcio,Italian,Unknown
Allegro,Italian,Unknown
Bartalotti,Italian,Italian
Oberto,Italian,German
Fermi,Italian,German
Poggi,Italian,Unknown
Faraldo,Italian,Japanese
Confortola,Italian,Unknown
Rotolo,Italian,Unknown
Ricci,Italian,Unknown
Arlotti,Italian,Italian
Amoretto,Italian,Unknown
Riggi,Italian,Unknown
Serafin,Italian,Chinese
Bello,Italian,Unknown
Nicodemo,Italian,Unknown
Bulgari,Italian,Italian
Abbatangelo,Italian,Arabic
Pagano,Italian,Arabic
Calligaris,Italian,Japanese
Takashi,Japanese,Italian
Ishida,Japanese,Japanese
Soga,Japanese,Unknown
Mitsuharu,Japanese,Unknown
Seo,Japanese,Korean
Ohmae,Japanese,Irish
Miyoshi,Japanese,Italian
Kajitani,Japanese,Arabic
Yamanaka,Japanese,Arabic
Satoya,Japanese,Japanese
Kotoku,Japanese,Japanese
Nakasato,Japanese,Japanese
Odaka,Japanese,Irish
Kahaya,Japanese,Japanese
Usami,Japanese,Unknown
Watnabe,Japanese,Japanese
Numajiri,Japanese,Italian
Toyama,Japanese,Japanese
Shigeki,Japanese,Japanese
Arita,Japanese,Japanese
Takagi,Japanese,Japanese
Endo,Japanese,Unknown
Higuchi,Japanese,Italian
Kurohiko,Japanese,Czech
Yanagawa,Japanese,Arabic
Dan,Japanese,Arabic
Miyake,Japanese,Japanese
Mutsu,Japanese,Unknown
Hattori,Japanese,Italian
Okabe,Japanese,Irish
Uchida,Japanese,Unknown
Nakazawa,Japanese,Japanese
Yoshioka,Japanese,Japanese
Yamada,Japanese,Japanese
Erizawa,Japanese,German
Ijiri,Japanese,Italian
Someya,Japanese,Japanese
Komon,Japanese,English
Yamamura,Japanese,Japanese
Kurosawa,Japanese,Japanese
Higoshi,Japanese,Italian
Okimasa,Japanese,Irish
Asai,Japanese,Japanese
Oshin,Japanese,Chinese
Sugase,Japanese,Unknown
Shunji,Japanese,Unknown
Hamada,Japanese,Japanese
Asanuma,Japanese,Arabic
Sakurai,Japanese,Japanese
Sekozawa,Japanese,Japanese
Yamanoue,Japanese,Arabic
Yamabe,Japanese,Japanese
Oishi,Japanese,Irish
Yasuda,Japanese,Japanese
Tanuma,Japanese,Arabic
Koshin,Japanese,Chinese
Nakasawa,Japanese,Japanese
Imoo,Japanese,Dutch
Shiokawa,Japanese,Japanese
Asuhara,Japanese,Japanese
Otaka,Japanese,Irish
Murasaki,Japanese,Japanese
Nagata,Japanese,Japanese
Kazuyoshi,Japanese,Italian
Takekawa,Japanese,Japanese
Saitoh,Japanese,Unknown
Miyahara,Japanese,Japanese
Nakadai,Japanese,Japanese
Iwakura,Japanese,Japanese
Hirase,Japanese,Unknown
Tatsuko,Japanese,Czech
Ohmiya,Japanese,Irish
Tanizaki,Japanese,Arabic
Takagawa,Japanese,Japanese
Nakanoi,Japanese,Arabic
Nakanishi,Japanese,Arabic
Mazuka,Japanese,Japanese
Kiski,Japanese,Unknown
Eda,Japanese,Korean
Honami,Japanese,Unknown
Takagaki,Japanese,Japanese
Tono,Japanese,Unknown
Soseki,Japanese,Unknown
Maeno,Japanese,Unknown
Kamata,Japanese,Japanese
Kubota,Japanese,Japanese
Minabuchi,Japanese,Chinese
Satake,Japanese,Japanese
Kido,Japanese,Unknown
Onohara,Japanese,Irish
Matsuzawa,Japanese,Japanese
Tsujimura,Japanese,Unknown
Tabuchi,Japanese,Italian
Kurkawa,Japanese,Japanese
Kikugawa,Japanese,Japanese
Hatayama,Japanese,Japanese
Shirokawa,Japanese,Japanese
Mifune,Japanese,Unknown
Nozara,Japanese,Japanese
Aoki,Japanese,Chinese
Kawasie,Japanese,Japanese
Konoe,Japanese,Unknown
Nishihara,Japanese,Japanese
Kawamura,Japanese,Japanese
Taketomo,Japanese,Unknown
Yuhara,Japanese,Japanese
Toshitala,Japanese,Japanese
Okumura,Japanese,Irish
Ayabito,Japanese,Japanese
Kwakami,Japanese,Japanese
Morioka,Japanese,Japanese
Igarashi,Japanese,Italian
Akimoto,Japanese,Unknown
Kurusu,Japanese,Japanese
Okuda,Japanese,Irish
Kanesaka,Japanese,Arabic
Araki,Japanese,Japanese
Mitsuya,Japanese,Japanese
Kinashita,Japanese,Chinese
Otomo,Japanese,Irish
Takeuchi,Japanese,Italian
Maruyama,Japanese,Japanese
Takewaki,Japanese,Japanese
Kuno,Japanese,Japanese
Makioka,Japanese,Japanese
Yamana,Japanese,Arabic
Namiki,Japanese,Unknown
Nakayama,Japanese,Japanese
Kimiyama,Japanese,Japanese
Fuwa,Japanese,Unknown
Urogataya,Japanese,Japanese
Shimedzu,Japanese,Japanese
Shima,Japanese,Japanese
Sakanoue,Japanese,Arabic
Fukuoka,Japanese,Japanese
Hirota,Japanese,Unknown
Oichi,Japanese,Irish
Iesada,Japanese,Japanese
Masuno,Japanese,Unknown
Osagawa,Japanese,Irish
Higo,Japanese,Unknown
Ichisada,Japanese,Japanese
Takeshita,Japanese,Japanese
Yamhata,Japanese,Japanese
Sumitimo,Japanese,Unknown
Daishi,Japanese,Italian
Kishi,Japanese,Italian
Joshuya,Japanese,Japanese
Nam,Korean,Korean
Ha,Korean,Korean
Shin,Korean,Chinese
Yoo,Korean,Dutch
Chi,Korean,Italian
Yun,Korean,Korean
Seo,Korean,Korean
Hwang,Korean,Arabic
Chou,Korean,Unknown
Han,Korean,Arabic
Hyun,Korean,Unknown
Mo,Korean,Korean
San,Korean,Arabic
Chweh,Korean,German
Janda,Polish,Arabic
Gomolka,Polish,Japanese
Szweda,Polish,Unknown
Salomon,Polish,English
Jaskulski,Polish,Japanese
Bartosz,Polish,Unknown
Winograd,Polish,Chinese
Pasternak,Polish,Czech
Wronski,Polish,Unknown
Bernard,Polish,German
Kaczka,Polish,Japanese
Kaluza,Polish,Japanese
Kozlowski,Polish,Unknown
Kamiński,Polish,Japanese
Król,Polish,Unknown
Górka,Polish,Japanese
Gorecki,Polish,Unknown
Filipowski,Polish,Unknown
Sitko,Polish,Czech
Miazga,Polish,Japanese
Estéves,Portuguese,Unknown
Pinho,Portuguese,Chinese
Ferreiro,Portuguese,German
Silva,Portuguese,Unknown
Romão,Portuguese,Unknown
D'cruz,Portuguese,Unknown
Silveira,Portuguese,Unknown
Simões,Portuguese,Unknown
Araújo,Portuguese,Japanese
Ferro,Portuguese,German
Coelho,Portuguese,Unknown
Mindra,Russian,Chinese
Holuev,Russian,Russian
Researcher,Russian,English
Vasin,Russian,Chinese
Beltyukov,Russian,Russian
Finogeev,Russian,Chinese
Dovgopoly,Russian,Unknown
Hazan,Russian,Arabic
Mordvinov,Russian,Chinese
Averyanov,Russian,Arabic
Enyagin,Russian,Chinese
Poshibalov,Russian,Japanese
Baikalov,Russian,Japanese
Zhimerin,Russian,Chinese
Kabyshev,Russian,Japanese
Haustov,Russian,Russian
Katsarev,Russian,Japanese
Nahamkis,Russian,Japanese
Agababyan,Russian,Arabic
Iskander,Russian,Arabic
Novosiltsov,Russian,Russian
Atanov,Russian,Arabic
Tsyurupa,Russian,Unknown
Tupalo,Russian,Unknown
Jakushev,Russian,Japanese
Jachmenev,Russian,Russian
Ponyatkov,Russian,Japanese
Yakov,Russian,Japanese
Zhilchikov,Russian,Russian
Holodkovsky,Russian,Unknown
Mihilev,Russian,Russian
Awilkin,Russian,Chinese
Velyaminov,Russian,Chinese
Bachilo,Russian,Unknown
Didichenko,Russian,Czech
Tzagunov,Russian,Russian
Jmelkov,Russian,Russian
Abdulgapuroff,Russian,Japanese
Pohodun,Russian,Unknown
Ruzhenkov,Russian,Russian
Golovenok,Russian,Unknown
Gorbman,Russian,Arabic
Shaikhmurzin,Russian,Chinese
Gudtsov,Russian,Russian
Makushkin,Russian,Chinese
Abikh,Russian,Unknown
Grigorishin,Russian,Chinese
Nuryshev,Russian,Russian
Bezrukih,Russian,Unknown
Avtorkhanov,Russian,Arabic
Awaliani,Russian,Arabic
Mozhar,Russian,Unknown
Tchaganov,Russian,Arabic
Chihanchin,Russian,Arabic
Lubushkin,Russian,Chinese
Agababov,Russian,Japanese
Holodilin,Russian,Chinese
Talkov,Russian,Russian
Adilov,Russian,Russian
Podsyadlo,Russian,Japanese
Adelfinski,Russian,Chinese
Beider,Russian,English
Plichko,Russian,Czech
Zasuhin,Russian,Chinese
Abolin,Russian,Chinese
Lysko,Russian,Czech
Remez,Russian,Unknown
Grossman,Russian,Arabic
Dmukhovsky,Russian,Unknown
Alkvist,Russian,Unknown
Yatzuba,Russian,Japanese
Lapin,Russian,Chinese
Hasaev,Russian,Japanese
Agranovich,Russian,Arabic
Rogachev,Russian,Russian
To The First Page,Russian,Unknown
Pochkaev,Russian,Japanese
Chekis,Russian,Unknown
Leizerman,Russian,Arabic
Awerkowitch,Russian,German
Kachimov,Russian,Japanese
Rotmistrov,Russian,Russian
Moshenko,Russian,Czech
Baidzhanov,Russian,Arabic
Chkhikvadze,Russian,Unknown
Mudrov,Russian,Russian
Serednitsky,Russian,German
Isayan,Russian,Arabic
Zhitukhin,Russian,Chinese
Belgov,Russian,Russian
Chukhlomsky,Russian,Unknown
Valentinovich,Russian,Chinese
Valnev,Russian,Russian
Baier,Russian,English
Shahlamov,Russian,Japanese
Zhandarov,Russian,Arabic
Baburov,Russian,Russian
Nasikan,Russian,Arabic
Glukhman,Russian,Arabic
Dogadkin,Russian,Chinese
Hanykov,Russian,Arabic
Jadovsky,Russian,Unknown
Belikovich,Russian,Unknown
Baibikov,Russian,Russian
Mahalov,Russian,Arabic
Poyarkov,Russian,Japanese
Gronsky,Russian,Unknown
Ustkachkintsev,Russian,Chinese
Gudoshin,Russian,Chinese
Jeldakov,Russian,Russian
Tzaplinsky,Russian,Chinese
Dik,Russian,Czech
Vyalushkin,Russian,Chinese
Geftler,Russian,English
Bilibin,Russian,Chinese
Zhitny,Russian,Unknown
Grushevenko,Russian,Czech
Bagdasaroff,Russian,Japanese
Tubylov,Russian,Russian
Kalinovsky,Russian,Chinese
Jatzenko,Russian,Czech
Zhirikov,Russian,Russian
Bestuzhev,Russian,Russian
Zhedrinsky,Russian,Chinese
Jernov,Russian,German
Handohin,Russian,Arabic
Agzamov,Russian,Japanese
Jandarbiev,Russian,Arabic
Martoyas,Russian,Japanese
Djanibekov,Russian,Arabic
Belshtein,Russian,Chinese
Hidirov,Russian,Russian
Ablyakimoff,Russian,Japanese
Jdankov,Russian,Arabic
Guliev,Russian,Russian
Zhvachkin,Russian,Chinese
Bazanov,Russian,Arabic
Chernovol,Russian,German
Dahin,Russian,Chinese
Habarin,Russian,Chinese
Rochegov,Russian,Russian
Bekkarevich,Russian,Japanese
Hilkov,Russian,Russian
Kabakov,Russian,Japanese
Tokarenko,Russian,Czech
Portyanko,Russian,Arabic
Lychanaya,Russian,Arabic
Rogashkov,Russian,Russian
Atabekov,Russian,Japanese
Martsenyuk,Russian,Unknown
Verbitsky,Russian,German
Jugai,Russian,Unknown
Gesti,Russian,Italian
Obukovkin,Russian,Chinese
Makhmudov,Russian,Russian
Tsyurko,Russian,Czech
Eroshin,Russian,Chinese
Pavelko,Russian,Czech
Lodyagin,Russian,Chinese
Halkiopov,Russian,Arabic
Maryenko,Russian,Czech
Nugaibekov,Russian,Russian
Vyalko,Russian,Czech
Hlyzov,Russian,Russian
Uchuvatkin,Russian,Chinese
Shakhgildyan,Russian,Arabic
Jimerin,Russian,Chinese
Agatov,Russian,Japanese
Zherzdev,Russian,German
Valberh,Russian,German
Shalgin,Russian,Arabic
Digurov,Russian,Russian
Vygovsky,Russian,Unknown
Zhvanetsky,Russian,Arabic
Shahov,Russian,Russian
Dehtyarev,Russian,German
Rotenberg,Russian,German
Dontsov,Russian,Russian
Islamov,Russian,Russian
Chkheidze,Russian,Unknown
Dobridnyuk,Russian,Unknown
Martemyanov,Russian,Arabic
Esikov,Russian,Russian
Goloushin,Russian,Chinese
Moshkarkin,Russian,Chinese
Hatuntsev,Russian,Russian
Mozhaiskov,Russian,Russian
Balanowsky,Russian,Arabic
Eihfeld,Russian,Unknown
Maruschenko,Russian,Czech
Badamshin,Russian,Chinese
Gluskin,Russian,Chinese
Tihenko,Russian,Czech
Gluhman,Russian,Arabic
Daniltsev,Russian,Arabic
Abyshev,Russian,Russian
Zhuzhnev,Russian,Russian
Yakon,Russian,English
Haraman,Russian,Arabic
Rekemchuk,Russian,Unknown
Martysyuk,Russian,Unknown
Gorbachev,Russian,Russian
Gulkin,Russian,Chinese
Deulin,Russian,Chinese
Gauer,Russian,English
Mihalchuk,Russian,Arabic
Myachkov,Russian,Japanese
Mujitskih,Russian,Unknown
Jadne,Russian,Unknown
Shahbazov,Russian,Japanese
Tzebrikov,Russian,Russian
Omarov,Russian,Irish
Hilchevsky,Russian,Unknown
Zholovan,Russian,Arabic
Hamadullin,Russian,Chinese
Lihomanov,Russian,Arabic
Turunov,Russian,Russian
Yanishevsky,Russian,Arabic
Abdulladjanov,Russian,Arabic
Jujnev,Russian,Russian
Johin,Russian,Chinese
Bekleshev,Russian,Russian
Veselago,Russian,Unknown
Jigultsov,Russian,Russian
Derzhavets,Russian,German
Badyaev,Russian,Japanese
Golovachev,Russian,Russian
Multah,Russian,Unknown
Murtazin,Russian,Chinese
Rzhavinsky,Russian,Chinese
Hairutdinov,Russian,Chinese
Nouvel,Russian,Unknown
Egarmin,Russian,Chinese
Vorogushin,Russian,Chinese
Toidze,Russian,Unknown
Taltskov,Russian,Russian
Balakleevsky,Russian,Dutch
Zharmukhamedov,Russian,Japanese
Mihailutsa,Russian,Japanese
Ebergard,Russian,German
Abdulbasirov,Russian,Japanese
V'Yuhin,Russian,Chinese
Zelenov,Russian,Russian
Kalimahi,Russian,Italian
Forsh,Russian,Unknown
Dobretsky,Russian,Unknown
Elinson,Russian,Chinese
Bazarevich,Russian,Japanese
Peleev,Russian,Dutch
Hitrov,Russian,Russian
Kacharyants,Russian,Arabic
Engelmeier,Russian,Chinese
Vedikhov,Russian,Russian
Chuvashev,Russian,Russian
Avakyan,Russian,Arabic
Abramov,Russian,Japanese
Awksentiewsky,Russian,Unknown
Lubsky,Russian,Unknown
Mogilensky,Russian,Unknown
Homich,Russian,Unknown
Vaistuh,Russian,Unknown
Almuhametov,Russian,Japanese
Yanover,Russian,Arabic
Jernovoy,Russian,German
Vikhansky,Russian,Arabic
Minnikhanov,Russian,Arabic
Baewski,Russian,Unknown
Golofeev,Russian,Dutch
Hanenya,Russian,Arabic
Badoff,Russian,Unknown
Lihovskih,Russian,Unknown
Aboimov,Russian,Russian
Abdrazakov,Russian,Japanese
Belovol,Russian,Unknown
Teterev,Russian,German
Dantsiger,Russian,Arabic
Abdrakhmanoff,Russian,Arabic
Batsura,Russian,Japanese
Tsagunov,Russian,Russian
Seredyuk,Russian,German
Gultyaev,Russian,Japanese
Yakob,Russian,Japanese
Golochevsky,Russian,Unknown
Lebidko,Russian,Czech
Tsvirko,Russian,Czech
Zhirnyakov,Russian,Japanese
Bekker,Russian,English
Elez,Russian,Unknown
Kachalovsky,Russian,Arabic
Turmanov,Russian,Arabic
Ajinoff,Russian,Chinese
Zinnatov,Russian,Chinese
Chertorijsky,Russian,German
Dargevich,Russian,Unknown
Kaletin,Russian,Chinese
Dzhanaev,Russian,Arabic
Velikin,Russian,Chinese
Pitaevsky,Russian,Unknown
Abakumtsev,Russian,Japanese
Tsehanovich,Russian,Arabic
Piterskih,Russian,German
Ryzhkovsky,Russian,Unknown
Elanin,Russian,Arabic
Halyapin,Russian,Arabic
Zhiryakov,Russian,Japanese
Lysikhin,Russian,Chinese
Hapachev,Russian,Japanese
Evstratov,Russian,Russian
Rukhlin,Russian,Chinese
Tzayukov,Russian,Russian
Habibulin,Russian,Chinese
Badikov,Russian,Russian
Kalaidovich,Russian,Japanese
Bestujev,Russian,Russian
Bahtiyaroff,Russian,Japanese
Abdulrahmanov,Russian,Arabic
Jaboev,Russian,Russian
Liholobov,Russian,Russian
Jokin,Russian,Chinese
Zhalagin,Russian,Arabic
Tsvelyukh,Russian,Unknown
Jakuschenko,Russian,Czech
Dnishev,Russian,Russian
Pecherkin,Russian,Chinese
Adov,Russian,Russian
Lihtentul,Russian,Unknown
Havroshin,Russian,Chinese
Abertasov,Russian,German
Belikin,Russian,Chinese
Baer,Russian,English
Shirko,Russian,Czech
Havinson,Russian,Chinese
Andrusiw,Russian,Arabic
Tzahilov,Russian,Russian
Balahonsky,Russian,Japanese
Molnovetsky,Russian,Unknown
Aboev,Russian,Russian
Vedyaskin,Russian,Chinese
Abyzgiddin,Russian,Chinese
Pellenen,Russian,Unknown
Jemlihanov,Russian,Arabic
Almut,Russian,Unknown
Ababko,Russian,Czech
Yukhimenko,Russian,Czech
Rivkin,Russian,Chinese
Zhogov,Russian,Russian
Jandulsky,Russian,Arabic
Vygotsky,Russian,Unknown
Hasis,Russian,Unknown
Avdiev,Russian,Russian
Halkechev,Russian,Arabic
Tihodeev,Russian,Dutch
Halaphaev,Russian,Arabic
Abalakin,Russian,Chinese
Egin,Russian,Chinese
Abramovitch,Russian,Japanese
Enshin,Russian,Chinese
Himich,Russian,Unknown
Gorstkin,Russian,Chinese
Por,Russian,Korean
Markus,Russian,Japanese
Balabai,Russian,Japanese
Matsotsky,Russian,Unknown
Nesmachko,Russian,Czech
Tzalyhin,Russian,Chinese
Tzeluiko,Russian,Czech
Awagimoff,Russian,Japanese
Ujva,Russian,Unknown
Eihe,Russian,Unknown
Vertiprahov,Russian,German
Awen,Russian,Unknown
Jachnik,Russian,Czech
Pavelyev,Russian,German
Filippovich,Russian,Unknown
Gasman,Russian,Arabic
Tzakunov,Russian,Japanese
Natapov,Russian,Japanese
Tuguz,Russian,Unknown
Awtukhoff,Russian,Unknown
Dobrotvorsky,Russian,Unknown
Jurkov,Russian,Russian
Michudo,Russian,Unknown
To The First Page,Russian,Unknown
Mordvin,Russian,Chinese
Taller,Russian,English
Vozmitel,Russian,Unknown
Dzhezhela,Russian,Unknown
Awroff,Russian,Unknown
Yakimychev,Russian,Japanese
Vikulin,Russian,Chinese
Bakhovkin,Russian,Chinese
Otstavnoi,Russian,Irish
Shalyapin,Russian,Arabic
Avdulov,Russian,Russian
Raihelgauz,Russian,Japanese
Shenyavsky,Russian,Japanese
Vangengeim,Russian,Arabic
Matsevich,Russian,Unknown
Zasyad'Ko,Russian,Czech
Gorsun,Russian,Unknown
Chukhanov,Russian,Arabic
Ryjkin,Russian,Chinese
Renzyaev,Russian,Japanese
Haidukov,Russian,Russian
Shahansky,Russian,Arabic
Minyajetdinov,Russian,Chinese
Hanjiev,Russian,Arabic
Habelashvili,Russian,Japanese
Zhurbenko,Russian,Czech
Chikurov,Russian,Japanese
Lokhanov,Russian,Arabic
Egides,Russian,Unknown
Habov,Russian,Russian
Babahanov,Russian,Arabic
Shahnarovich,Russian,Japanese
Zhitnikov,Russian,Russian
Timkov,Russian,Russian
Rempler,Russian,English
Yankilevsky,Russian,Arabic
Jamlikhanov,Russian,Arabic
Mihnov,Russian,Russian
Muzylev,Russian,Russian
Fazlov,Russian,Russian
Birnbaum,Russian,Unknown
Dzharimov,Russian,Russian
Huako,Russian,Czech
Tzarev,Russian,Russian
Mihalkin,Russian,Arabic
Vysokin,Russian,Chinese
Janjul,Russian,Arabic
Usyskin,Russian,Chinese
Danilyak,Russian,Arabic
Mokretsov,Russian,Russian
Jura,Russian,Unknown
Markhinin,Russian,Chinese
Abasheev,Russian,Dutch
Isaikov,Russian,Russian
Dzhelepov,Russian,Russian
Limanov,Russian,Arabic
Zasoba,Russian,Japanese
Schirovsky,Russian,Unknown
Adamenko,Russian,Czech
Pasternak,Russian,Czech
Vagramenko,Russian,Czech
Hatov,Russian,Russian
Porohnya,Russian,Japanese
Galetsky,Russian,Unknown
Lutoshnikov,Russian,Russian
Jakhnyuk,Russian,Unknown
Kalimulin,Russian,Chinese
Aganov,Russian,Arabic
Avrutsky,Russian,Unknown
Raifeld,Russian,Unknown
Balabanov,Russian,Arabic
Nakhabtsev,Russian,Japanese
Momotov,Russian,Russian
Ajiganoff,Russian,Arabic
Andryuhin,Russian,Arabic
Dubelir,Russian,French
Danchuk,Russian,Arabic
Juon,Russian,English
Vakulko,Russian,Czech
Dzheladze,Russian,Unknown
Talankin,Russian,Arabic
Yagubsky,Russian,Japanese
Abramovsky,Russian,Japanese
Veller,Russian,English
Rukhimovich,Russian,Unknown
Yatsun,Russian,Japanese
Zharikhin,Russian,Chinese
Vagapov,Russian,Japanese
Batchev,Russian,Russian
Bakalov,Russian,Japanese
Jarov,Russian,Russian
Abletsov,Russian,Russian
Gluhotko,Russian,Czech
Eihenvald,Russian,Unknown
Jatsenko,Russian,Czech
Bachyanskas,Russian,Arabic
Mogilyuk,Russian,Unknown
Animitsa,Russian,Arabic
Remnev,Russian,Russian
Vozdvijensky,Russian,Unknown
Yamschikov,Russian,Japanese
Lapikov,Russian,French
Jankilevsky,Russian,Arabic
Bakurinsky,Russian,Chinese
Bakradze,Russian,Japanese
Zhiltsov,Russian,Russian
Pirtskhalava,Russian,Arabic
Zhulyabin,Russian,Chinese
Kamenetzky,Russian,Japanese
Baklykov,Russian,Russian
Tchaleev,Russian,Arabic
Remeslo,Russian,Unknown
Zinkovsky,Russian,Chinese
Chugainov,Russian,Chinese
Hamitsev,Russian,Russian
Zhuravsky,Russian,Unknown
Guzenko,Russian,Czech
Zhulidov,Russian,Russian
Gataullin,Russian,Chinese
Yuzvyuk,Russian,Unknown
Vilson,Russian,English
Chalyshev,Russian,Arabic
Horoshih,Russian,Japanese
Marsky,Russian,Unknown
Yatsevich,Russian,Japanese
Maryltsev,Russian,Russian
Awtaeff,Russian,Japanese
Hotimsky,Russian,Unknown
Gluhih,Russian,Unknown
Jukovich,Russian,Unknown
Andreenko,Russian,Arabic
Mokhosoev,Russian,Russian
Baitchikoff,Russian,Unknown
Balakhonsky,Russian,Japanese
Lutkov,Russian,Russian
Yuzefov,Russian,Russian
Vyguzov,Russian,Russian
Hamatov,Russian,Japanese
Belotserkovets,Russian,German
Bautin,Russian,Chinese
Teterkin,Russian,Chinese
Vadkovsky,Russian,Unknown
Bakshansky,Russian,Arabic
Mingazetdinov,Russian,Chinese
Onkov,Russian,Irish
Uzhva,Russian,Unknown
Uchaev,Russian,Russian
Tovstykh,Russian,Unknown
Kabachnik,Russian,Czech
Gall,Russian,English
Abraroff,Russian,Japanese
Augustov,Russian,Russian
Yachevsky,Russian,Japanese
Zhogin,Russian,Chinese
Timerbulatov,Russian,German
Bakusoff,Russian,Japanese
Azhinoff,Russian,Chinese
Dubitsky,Russian,French
Shalamanov,Russian,Arabic
Noskovsky,Russian,Unknown
Shazzo,Russian,Arabic
Abeltsev,Russian,Russian
Atyasov,Russian,Japanese
Mihailenko,Russian,Czech
Grodsky,Russian,Unknown
Podshibikhin,Russian,Chinese
Tikhvinsky,Russian,Chinese
Balakhonoff,Russian,Japanese
Baranetsky,Russian,Arabic
Jekulin,Russian,Chinese
Zhirmunsky,Russian,Unknown
Vertkin,Russian,Chinese
Babushkin,Russian,Chinese
Beldy,Russian,Unknown
Ponkratov,Russian,Russian
Hardaev,Russian,Japanese
Agishev,Russian,Russian
Vasianov,Russian,Arabic
Adomaitis,Russian,Japanese
Galochkin,Russian,Chinese
Pyrlin,Russian,Chinese
Neverov,Russian,German
Balakhonov,Russian,Japanese
Enman,Russian,Arabic
Drozdenko,Russian,Czech
Dobrynchenko,Russian,Czech
Andrusov,Russian,Arabic
Pavluhin,Russian,Chinese
Tzalaban,Russian,Arabic
Lilyin,Russian,Chinese
Adarchenko,Russian,Czech
Awturkhanoff,Russian,Arabic
Admakin,Russian,Chinese
Luts,Russian,Unknown
Yanko,Russian,Arabic
Tsaliev,Russian,Russian
Tokarev,Russian,Japanese
Gorbovsky,Russian,Unknown
Rohin,Russian,Chinese
Derkachev,Russian,German
Mokrushev,Russian,Russian
Chukhman,Russian,Arabic
Bakastoff,Russian,Japanese
Pentsak,Russian,Czech
Pazhitnov,Russian,Russian
Minov,Russian,Chinese
Harlap,Russian,Japanese
Jachevsky,Russian,Unknown
Portnikov,Russian,Russian
Zhestovsky,Russian,Unknown
Hatmullin,Russian,Chinese
Morehin,Russian,Chinese
Jakovchuk,Russian,Unknown
Tulin,Russian,Chinese
To The First Page,Russian,Unknown
Nahimov,Russian,Russian
Avelichev,Russian,German
Enikolopov,Russian,Russian
Dahaev,Russian,Japanese
Badyagin,Russian,Chinese
Agamoff,Russian,Japanese
Abdurahmanoff,Russian,Arabic
Mozharov,Russian,Russian
Tsarek,Russian,Czech
Martsenko,Russian,Czech
Lojkin,Russian,Chinese
Lysenny,Russian,Unknown
Andruzsky,Russian,Arabic
Bagaturiya,Russian,Japanese
Uzov,Russian,Russian
Bei-Bienko,Russian,Czech
Vinnik,Russian,Chinese
Barakov,Russian,Japanese
Yanek,Russian,Arabic
Ponurovsky,Russian,Unknown
Porublev,Russian,Russian
Zenischev,Russian,Russian
Mkrtumyan,Russian,Arabic
Davletov,Russian,Russian
Plisetsky,Russian,Unknown
Zinder,Russian,Chinese
Batskaev,Russian,Japanese
Tronye,Russian,Unknown
Judelevich,Russian,Unknown
Agibalov,Russian,Japanese
Yuhvidov,Russian,Russian
Zherikhin,Russian,Chinese
Yatsyk,Russian,Japanese
Valdin,Russian,Chinese
Fabrichnikov,Russian,Russian
Molyakov,Russian,Japanese
Chehlakovsky,Russian,German
Shirinyan,Russian,Arabic
Olenew,Russian,Irish
Nasrutdinov,Russian,Chinese
Kartavtsev,Russian,Japanese
Jakhin,Russian,Chinese
Marmazov,Russian,Japanese
Baggovut,Russian,Unknown
Patziorkovsky,Russian,Unknown
Badelin,Russian,Chinese
Yageman,Russian,Arabic
Turuhin,Russian,Chinese
Gropyanov,Russian,Arabic
Tchartorizhsky,Russian,Unknown
Kalinichev,Russian,Chinese
Anisikhin,Russian,Arabic
Jerebin,Russian,Chinese
Zhovtyak,Russian,Czech
Zhanimov,Russian,Arabic
Ablov,Russian,Russian
Yanov,Russian,Arabic
Guzev,Russian,Russian
Vyshnegradsky,Russian,Unknown
Anoskov,Russian,Arabic
Japondych,Russian,Unknown
Kaliteevsky,Russian,Dutch
Zhadin,Russian,Arabic
Minovitzky,Russian,Chinese
Glazaty,Russian,Japanese
Prigarin,Russian,Chinese
Tikhonravov,Russian,Russian
Jivopistsev,Russian,Russian
Zhelezny,Russian,Unknown
Turukhin,Russian,Chinese
Valiahmetov,Russian,Japanese
Zholudev,Russian,Russian
Bilinsky,Russian,Chinese
Babukhin,Russian,Chinese
Guzik,Russian,Czech
Bakaleiko,Russian,Czech
Vadin,Russian,Chinese
Kartashkin,Russian,Chinese
Belogubov,Russian,Russian
Tsarenkov,Russian,Russian
Zhorzhev,Russian,Russian
Astrov,Russian,Russian
Pokhilenko,Russian,Czech
Janover,Russian,Arabic
Awduloff,Russian,Unknown
Fotinov,Russian,Chinese
Hijny,Russian,Unknown
Leitis,Russian,French
Pismichenko,Russian,Czech
Bekhtenev,Russian,Russian
Yatsuba,Russian,Japanese
Gayulsky,Russian,Unknown
Guzichenko,Russian,Czech
Chalov,Russian,Arabic
Zolkin,Russian,Chinese
Gerschcovich,Russian,German
Yudolovich,Russian,Unknown
Rigin,Russian,Chinese
Talpin,Russian,Chinese
Belnikov,Russian,Russian
Jukovets,Russian,Unknown
Researcher,Russian,English
Djemal,Russian,Unknown
Mikhalchev,Russian,Arabic
Chekmezov,Russian,Russian
Utoplov,Russian,Russian
Ageevets,Russian,Dutch
Cheplakov,Russian,Russian
Ekin,Russian,Chinese
Zhimila,Russian,Unknown
Evert,Russian,German
Shangareev,Russian,Arabic
Musakov,Russian,Russian
Lejnin,Russian,Chinese
Tchehanov,Russian,Arabic
Kalashnik,Russian,Czech
Juchkov,Russian,Russian
Andryukov,Russian,Arabic
Zhunin,Russian,Chinese
Grositsky,Russian,Unknown
Avhimovich,Russian,Unknown
Vinkler,Russian,Chinese
Routiyainen,Russian,Chinese
Danilyan,Russian,Arabic
Hanenko,Russian,Arabic
Islambekov,Russian,Russian
Tsalykhin,Russian,Chinese
Munin,Russian,Chinese
Talalykin,Russian,Chinese
Jbanov,Russian,Arabic
Jachmenkov,Russian,Russian
Vilbreht,Russian,German
Awalishwili,Russian,Japanese
Jirnov,Russian,Russian
Ableuhoff,Russian,Unknown
Alhimov,Russian,Russian
Shengeliya,Russian,Chinese
Bahmetiev,Russian,Russian
Holkin,Russian,Chinese
Yakushev,Russian,Japanese
Mohosoev,Russian,Russian
Avksentievski,Russian,Unknown
Tsarevsky,Russian,Unknown
Mukubenov,Russian,Japanese
Mingalev,Russian,Chinese
Jadrikhinsky,Russian,Chinese
Ruhimovich,Russian,Unknown
Shaidakov,Russian,Japanese
Jevakhov,Russian,Russian
Dargomyjsky,Russian,Unknown
Haladjan,Russian,Arabic
Dzhavakhishvili,Russian,Japanese
Pirozhkov,Russian,Russian
Hetagurov,Russian,Russian
Vinding,Russian,Chinese
Luppa,Russian,Unknown
Chukhnovsky,Russian,Unknown
Gasilin,Russian,Chinese
Hizriev,Russian,Russian
Katzenellenbogen,Russian,Japanese
Ryzhih,Russian,Unknown
Tchazov,Russian,Russian
Kalimullin,Russian,Chinese
Jarmuhamedov,Russian,Japanese
Valyushkin,Russian,Chinese
Pochtarev,Russian,Russian
Molchanov,Russian,Arabic
Abragamson,Russian,English
Loza,Russian,Unknown
Adelkhanoff,Russian,Arabic
Yushenkov,Russian,Russian
Absalyamov,Russian,Japanese
Groshopf,Russian,Unknown
Yafrakov,Russian,Japanese
Markushin,Russian,Chinese
Mudrik,Russian,Czech
Deryugin,Russian,Chinese
Valkevich,Russian,Unknown
Vaskovsky,Russian,Unknown
Natashkin,Russian,Chinese
Gribenkin,Russian,Chinese
Jahontov,Russian,Russian
Avilkin,Russian,Chinese
Yuzhanov,Russian,Arabic
Porfiriev,Russian,Russian
Yam,Russian,Japanese
Ott,Russian,English
Mulinov,Russian,Chinese
Bahlaev,Russian,Japanese
Sert,Russian,German
Golovenchenko,Russian,Czech
Jmakov,Russian,Russian
Poroskov,Russian,Russian
Getman,Russian,Arabic
Ziyatdinov,Russian,Chinese
Minnihanov,Russian,Arabic
Nyrtsev,Russian,Russian
Senyakovich,Russian,Japanese
Zukerman,Russian,Arabic
Zhelokhovtsev,Russian,Russian
Lapenkov,Russian,French
Valts,Russian,Unknown
Molevich,Russian,Unknown
Artseulov,Russian,Russian
Jandutkin,Russian,Arabic
Jalybin,Russian,Chinese
Yudasin,Russian,Chinese
Valov,Russian,Russian
Onishko,Russian,Czech
Mikhnevich,Russian,Unknown
Imenin,Russian,Chinese
Vilyunas,Russian,Unknown
Agadjanyan,Russian,Arabic
Moshkin,Russian,Chinese
Pohmelkin,Russian,Chinese
Novoseltsev,Russian,Russian
Avdonin,Russian,Chinese
Awwakumoff,Russian,Japanese
Bakhorin,Russian,Chinese
Awaeff,Russian,Japanese
Guketlev,Russian,Russian
Tchartorijsky,Russian,Unknown
Myatlev,Russian,Japanese
Mozhaev,Russian,Russian
Senyavin,Russian,Chinese
Scetintsev,Russian,Chinese
Lichenko,Russian,Czech
Bakalinsky,Russian,Chinese
Donchak,Russian,Czech
Emeshin,Russian,Chinese
Tchehovsky,Russian,German
Yanowich,Russian,Arabic
Frolov,Russian,Russian
Atabiev,Russian,Japanese
Uchuev,Russian,Russian
Badykshanov,Russian,Arabic
Shakhov,Russian,Russian
Zaslavsky,Russian,Japanese
Jivkovich,Russian,Unknown
Morenshildt,Russian,Japanese
Djemilev,Russian,Russian
Munchaev,Russian,Russian
Timerbaev,Russian,German
Ustyujanin,Russian,Arabic
Fadzaev,Russian,Japanese
Ryzhanov,Russian,Arabic
Ruhlyada,Russian,Japanese
Pechersky,Russian,German
Dubkoff,Russian,French
Zhigalin,Russian,Chinese
Uzunov,Russian,Russian
Mahov,Russian,Russian
Hagurov,Russian,Russian
Abdulladzhanoff,Russian,Arabic
Molodykh,Russian,Unknown
Lychakov,Russian,Russian
Lysenkov,Russian,Russian
Tikhonin,Russian,Chinese
Robustov,Russian,Russian
Saikov,Russian,Russian
Belimov,Russian,Russian
Awramchik,Russian,Czech
Tzeimen,Russian,Unknown
Vasyukevich,Russian,Unknown
Gudz,Russian,Unknown
Vaindrah,Russian,Chinese
Lazhintsev,Russian,Chinese
Joltovsky,Russian,Unknown
Marshansky,Russian,Arabic
Remishevsky,Russian,Unknown
Rahimov,Russian,Russian
Ilyushin,Russian,Chinese
Tsvetov,Russian,Russian
Velsh,Russian,Unknown
Eroshkevich,Russian,German
Jagich,Russian,Unknown
Remchukov,Russian,Russian
Bakhurin,Russian,Chinese
Tsapin,Russian,Chinese
Zelenkin,Russian,Chinese
Glebovich,Russian,Unknown
Jahno,Russian,Unknown
Tomaev,Russian,Russian
Hlevniuk,Russian,Chinese
Zhigultsov,Russian,Russian
Chikhanchin,Russian,Arabic
Patsev,Russian,Russian
Marfin,Russian,Chinese
Badanoff,Russian,Arabic
Judolovich,Russian,Unknown
Bestuzhev-Lada,Russian,Japanese
Nakhushev,Russian,Russian
Badanov,Russian,Arabic
Juchenko,Russian,Czech
Avalishvili,Russian,Japanese
Yablochkov,Russian,Japanese
Bakshtanowsky,Russian,Arabic
Jupikov,Russian,Russian
Horoshkevich,Russian,Unknown
Gukov,Russian,Russian
Jakubenko,Russian,Czech
Chepurin,Russian,Chinese
Tcharkin,Russian,Chinese
Renskov,Russian,Russian
Fisik,Russian,Czech
Jaivoronok,Russian,Unknown
Lepikhin,Russian,Chinese
Baitoff,Russian,Unknown
Lebedkin,Russian,Chinese
Senyagin,Russian,Chinese
Pribylsky,Russian,Unknown
Imeretinsky,Russian,Chinese
Jakov,Russian,Russian
Entus,Russian,Unknown
Demeshko,Russian,Czech
Andronikov,Russian,Arabic
Talashkevich,Russian,Japanese
Yandiev,Russian,Arabic
Lotarev,Russian,Russian
Chertischev,Russian,German
Vannovsky,Russian,Arabic
Duronov,Russian,French
Miniahhmetov,Russian,Chinese
Bahmatoff,Russian,Japanese
Chepchyak,Russian,Czech
Piskoppel,Russian,Unknown
Awtorkhanoff,Russian,Arabic
Harik,Russian,Czech
Rogatko,Russian,Czech
Djirin,Russian,Chinese
Lapinsky,Russian,Chinese
Tsidilin,Russian,Chinese
Trukhnin,Russian,Chinese
Ryzhkin,Russian,Chinese
Avsenev,Russian,Russian
Russkikh,Russian,Arabic
Anikanov,Russian,Arabic
Otstavnov,Russian,Irish
Bakhusov,Russian,Russian
Vesich,Russian,Unknown
Ots,Russian,Irish
Lykosov,Russian,Russian
Gayazov,Russian,Japanese
Bair,Russian,Unknown
Davydkin,Russian,Chinese
Novotortsev,Russian,Russian
Gukovsky,Russian,Unknown
Sapojnikov,Russian,Russian
Tokombaev,Russian,Russian
Shamakhov,Russian,Japanese
Grobivker,Russian,English
Prigozhin,Russian,Chinese
Miodushevsky,Russian,Unknown
Momdjyan,Russian,Arabic
Habirov,Russian,Russian
Bahmutov,Russian,Russian
Lokhno,Russian,Unknown
Mikhilev,Russian,Russian
Eikhenvald,Russian,Unknown
Grigorevsky,Russian,Unknown
Bagretsoff,Russian,Unknown
Zheleztsov,Russian,Russian
Isangulov,Russian,Arabic
Zhegulin,Russian,Chinese
Fistal,Russian,Unknown
Dogadin,Russian,Chinese
Dzhanashiya,Russian,Arabic
Babanov,Russian,Arabic
Shainurov,Russian,Chinese
Batukov,Russian,Russian
Belyavin,Russian,Chinese
Zhirov,Russian,Russian
Privorotsky,Russian,Unknown
Beloschin,Russian,Chinese
Schitov,Russian,Russian
Truhnin,Russian,Chinese
Kabeshov,Russian,Japanese
Medved,Russian,Unknown
Numerov,Russian,German
Janibekov,Russian,Arabic
Turgenev,Russian,Russian
Tsarsky,Russian,Unknown
Tikhonkih,Russian,Unknown
Lajentsev,Russian,French
Bakhmetev,Russian,Russian
Poshehonov,Russian,German
Hudyh,Russian,Unknown
Zimonin,Russian,Chinese
Vymenets,Russian,Unknown
Havanov,Russian,Arabic
Seredavin,Russian,Chinese
Jakutkin,Russian,Chinese
Jerebovich,Russian,German
Detinko,Russian,Chinese
Bilyaev,Russian,Japanese
Zheltyannikov,Russian,Arabic
Gudkov,Russian,Russian
Ableukhoff,Russian,Unknown
Ader,Russian,English
Abuhoff,Russian,Unknown
Michkov,Russian,Russian
Vesnik,Russian,Czech
Chehanov,Russian,Arabic
Galdus,Russian,Unknown
Tetekin,Russian,Chinese
Portnyagin,Russian,Chinese
Agalakoff,Russian,Japanese
Nezamai,Russian,Japanese
Gulchinsky,Russian,Chinese
Kalachihin,Russian,Chinese
To The First Page,Russian,Unknown
Zherebin,Russian,Chinese
Durmanov,Russian,Arabic
Porhun,Russian,Unknown
Paradzhanov,Russian,Arabic
Zhidkih,Russian,Unknown
Tukmanov,Russian,Arabic
Leikin,Russian,Chinese
Jikin,Russian,Chinese
Yudovich,Russian,Unknown
Zhdankin,Russian,Arabic
Makhankov,Russian,Arabic
Schepotyev,Russian,Russian
Agatyev,Russian,Japanese
Yuskevich,Russian,Unknown
Tomas,Russian,Unknown
Abelman,Russian,Arabic
Bagalei,Russian,Japanese
Abih,Russian,Unknown
Glavchev,Russian,Russian
Awrutsky,Russian,Unknown
Pakhtel,Russian,Unknown
Barabanov,Russian,Arabic
Charnolusky,Russian,Unknown
Litovchenko,Russian,Czech
Zheimo,Russian,Unknown
Kalievsky,Russian,Japanese
Janitsky,Russian,Arabic
Nezabytovsky,Russian,Unknown
Tihvinsky,Russian,Chinese
Lositsky,Russian,Unknown
Tzekhansky,Russian,Arabic
Balanovski,Russian,Arabic
Dobretsov,Russian,Russian
Rovnev,Russian,Russian
Darsky,Russian,Unknown
Abashin,Russian,Chinese
Levitis,Russian,French
Alchubaev,Russian,Japanese
Fedotko,Russian,Czech
Loitzyansky,Russian,Arabic
Pylyaev,Russian,Japanese
Anisovets,Russian,Arabic
Froyanov,Russian,Arabic
Andryunin,Russian,Arabic
Hlyupin,Russian,Chinese
Mogilnitsky,Russian,Unknown
Hasminsky,Russian,Chinese
Tsapenko,Russian,Czech
Kalitvin,Russian,Chinese
Babarykin,Russian,Chinese
Bakunts,Russian,Japanese
Bir,Russian,Korean
Dan'Ko,Russian,Arabic
Chazov,Russian,Russian
"Jevolojnov,",Russian,Russian
Judakhin,Russian,Chinese
Rahmetov,Russian,Russian
Hijnyakov,Russian,Japanese
Dozorny,Russian,Unknown
Gulyansky,Russian,Arabic
Jerebko,Russian,Czech
Filipov,Russian,Russian
Hanifatullin,Russian,Arabic
Katzman,Russian,Arabic
Hairyuzov,Russian,Russian
Jeludev,Russian,Russian
Balawensky,Russian,Japanese
Tchehovich,Russian,German
Ukhtomsky,Russian,Unknown
Albertini,Russian,Chinese
Yudkovich,Russian,Unknown
Murylev,Russian,Russian
Kalentiev,Russian,Japanese
Bagachev,Russian,Japanese
Gudenko,Russian,Czech
Rujitsky,Russian,Unknown
Dizhin,Russian,Chinese
Vainberg,Russian,Chinese
Adoniev,Russian,Russian
Babyuk,Russian,Unknown
Pytov,Russian,Russian
Shahlevich,Russian,Unknown
Kalekin,Russian,Chinese
Chuhontsev,Russian,Russian
Jagodinsky,Russian,Chinese
Jagupets,Russian,Unknown
Zasyadko,Russian,Czech
Podsevalov,Russian,Russian
Ponyatovsky,Russian,Japanese
Eihmans,Russian,Arabic
Bahtiaroff,Russian,Japanese
Rustikov,Russian,Russian
Jakon,Russian,English
Fionin,Russian,Chinese
Pavlusenko,Russian,Czech
Lebedevich,Russian,French
Gachev,Russian,Russian
Gaft,Russian,Unknown
Jevaikin,Russian,Chinese
Abdurakhmanov,Russian,Arabic
Filipovsky,Russian,Unknown
Gluzman,Russian,Arabic
Antonyuk,Russian,Arabic
Bakoni,Russian,Unknown
Zimenkov,Russian,Russian
Avramchik,Russian,Czech
Vedernikov,Russian,German
Valyaev,Russian,Japanese
Baksheev,Russian,Dutch
Liders,Russian,German
Lysakov,Russian,Russian
Shaikov,Russian,Russian
Tzipushtanov,Russian,Arabic
Likov,Russian,Russian
Abrameitsev,Russian,Japanese
Onufrievich,Russian,Irish
Juikov,Russian,Russian
Shamahov,Russian,Japanese
Deulenko,Russian,Czech
Hapitsky,Russian,Unknown
Vislobokov,Russian,Russian
Turupanov,Russian,Arabic
Loiko,Russian,Czech
Bakhmutsky,Russian,Unknown
Kablits,Russian,Japanese
Oom,Russian,Dutch
Hantsev,Russian,Arabic
Mulatov,Russian,Russian
Andreichik,Russian,Arabic
Turchenko,Russian,Czech
Churnosov,Russian,Russian
Hesin,Russian,Chinese
Adelung,Russian,Chinese
Lidorenko,Russian,Czech
Darjaev,Russian,Japanese
Ustimenko,Russian,Czech
Egides,Russian,Unknown
Alperovich,Russian,German
Vilke,Russian,Unknown
Bairashewski,Russian,Japanese
Vyshkovsky,Russian,Unknown
Lyzhenkov,Russian,Russian
Pyrchenkov,Russian,Russian
Vyazmitinov,Russian,Chinese
Ablesimoff,Russian,Unknown
Awerin,Russian,Chinese
Agratin,Russian,Chinese
Yansons,Russian,Arabic
Zelenkov,Russian,Russian
Grushi,Russian,Italian
Ageitchev,Russian,Russian
Bakshtanovski,Russian,Arabic
Anedchenko,Russian,Arabic
Abalikhin,Russian,Chinese
Yaguzhinsky,Russian,Chinese
Abalmasoff,Russian,Japanese
Zeleny,Russian,Unknown
Abrikosov,Russian,Russian
Rivman,Russian,Arabic
Ujvak,Russian,Czech
Baidavletoff,Russian,Japanese
Mravinsky,Russian,Chinese
Awduewski,Russian,Unknown
Mikhailutsa,Russian,Japanese
Abelmazov,Russian,Japanese
Babilyas,Russian,Japanese
Bekh,Russian,Unknown
Shalnov,Russian,Arabic
Zhuravov,Russian,Russian
Mikhailyants,Russian,Arabic
Rohlin,Russian,Chinese
Awdonin,Russian,Chinese
Kalinin,Russian,Chinese
Tsarikaev,Russian,Japanese
Vyborny,Russian,Unknown
Baewsky,Russian,Unknown
Dobrinsky,Russian,Chinese
Baikowsky,Russian,Unknown
Ribakov,Russian,Russian
Zhelezko,Russian,Czech
Grosul,Russian,Unknown
Nelyubov,Russian,Russian
Yuferov,Russian,German
Moschenko,Russian,Czech
Hanakhu,Russian,Arabic
Bahtoff,Russian,Unknown
Hairullov,Russian,Russian
Adamoff,Russian,Japanese
Mravin,Russian,Chinese
Kalabuhov,Russian,Japanese
Beilin,Russian,Chinese
Chalyh,Russian,Arabic
Mukovozov,Russian,Russian
Avhadiev,Russian,Arabic
Aurov,Russian,Russian
Abzyaparoff,Russian,Japanese
Bahchivandji,Russian,Arabic
Eidelstein,Russian,Chinese
Portsienko,Russian,Czech
Dermelev,Russian,German
Fedchenkov,Russian,Russian
Lapinus,Russian,Chinese
Yadryshnikov,Russian,Japanese
Vanchugov,Russian,Arabic
Saidbaev,Russian,Japanese
V'Unnikov,Russian,Russian
Katzev,Russian,Japanese
Viner,Russian,Chinese
Awanesov,Russian,Arabic
Martirosov,Russian,Russian
Chepasov,Russian,Russian
Moldovyan,Russian,Arabic
Mogilevtsev,Russian,Russian
Pashkov,Russian,Russian
Schepiorko,Russian,Czech
Adriyanoff,Russian,Arabic
Muklevich,Russian,Unknown
Rahmanov,Russian,Arabic
Astrahantsev,Russian,Arabic
Chepygin,Russian,Chinese
Martyuk,Russian,Unknown
Holshevnikov,Russian,Russian
Marks,Russian,Unknown
Leihtenbergsky,Russian,French
Chukhrov,Russian,Russian
Jvirblis,Russian,Unknown
Modin,Russian,Chinese
Muksunov,Russian,Russian
Galkin-Vraskoi,Russian,Chinese
Avetisov,Russian,German
Tsvilgnev,Russian,Russian
Kalambetov,Russian,Japanese
Barabanschikov,Russian,Arabic
Shenk,Russian,Unknown
Vertogradsky,Russian,German
Zhevlakov,Russian,Russian
Saks,Russian,Unknown
Batsman,Russian,Arabic
Marchenko,Russian,Czech
Minyushev,Russian,Chinese
Vedenov,Russian,Russian
Nahamkin,Russian,Chinese
Avkhimovich,Russian,Unknown
Deryujinsky,Russian,Chinese
Jivov,Russian,Russian
Likhodeev,Russian,Dutch
Vazhov,Russian,Russian
Zhegin,Russian,Chinese
Heifets,Russian,Unknown
Halatyan,Russian,Arabic
Tzai,Russian,Unknown
Tulinov,Russian,Chinese
Jatsuba,Russian,Japanese
Danilchuk,Russian,Arabic
Jadenov,Russian,Russian
Leibe,Russian,French
Dzhumaev,Russian,Russian
Tsyavlovsky,Russian,Japanese
Zhivkovich,Russian,Unknown
Jaba,Russian,Japanese
Tuleev,Russian,Dutch
Likhosherstov,Russian,German
Mochalin,Russian,Arabic
Makhnenko,Russian,Czech
Baiguzov,Russian,Russian
Desyatkin,Russian,Chinese
Kalistratov,Russian,Japanese
Gudvan,Russian,Arabic
Jeltouhov,Russian,Russian
Shakhnazarov,Russian,Japanese
Yapaskurt,Russian,Japanese
Usiskin,Russian,Chinese
Taliev,Russian,Russian
Babosov,Russian,Russian
Sak,Russian,Czech
Zimny,Russian,Unknown
Babakulov,Russian,Japanese
Shamrun,Russian,Unknown
Davletyarov,Russian,Japanese
Chihachev,Russian,Russian
Grakovich,Russian,Unknown
Timonin,Russian,Chinese
Jigalin,Russian,Chinese
Baturkin,Russian,Chinese
Jilenko,Russian,Czech
Hamaev,Russian,Japanese
Ebsvort,Russian,Unknown
Herheulidzev,Russian,German
Evarestov,Russian,Russian
Marunin,Russian,Chinese
Chepurnov,Russian,Russian
Ligostaev,Russian,Russian
Halitov,Russian,Arabic
Jukhtanov,Russian,Arabic
Leibovsky,Russian,French
Nureev,Russian,Dutch
Kartamyshev,Russian,Japanese
Abulhanoff,Russian,Arabic
Pendyuhov,Russian,Russian
Balahontsev,Russian,Japanese
Parasyuk,Russian,Japanese
Yachmentsev,Russian,Japanese
Sepp,Russian,Unknown
Pekhtin,Russian,Chinese
Toktahunov,Russian,Russian
Gets,Russian,Unknown
Turovsky,Russian,Unknown
Durmashkin,Russian,Chinese
Bestolov,Russian,Russian
Agulian,Russian,Arabic
Yanin,Russian,Arabic
Jaminsky,Russian,Chinese
Ponidelko,Russian,Czech
Ruslanov,Russian,Arabic
Belin,Russian,Chinese
Jagello,Russian,Unknown
Imamutdinov,Russian,Chinese
Tets,Russian,Unknown
Ustimkin,Russian,Chinese
Dertynov,Russian,German
Agayan,Russian,Arabic
Artemev,Russian,Russian
Hil,Russian,Korean
Evstafiev,Russian,Russian
Bezrukikh,Russian,Unknown
Bazaev,Russian,Japanese
Harkevich,Russian,Unknown
Nastogunin,Russian,Chinese
Dzhumabaev,Russian,Japanese
Tokmakov,Russian,Russian
Fadyuhin,Russian,Chinese
Isakovich,Russian,Unknown
Agapotchkin,Russian,Chinese
Jandiev,Russian,Arabic
Liventsov,Russian,Russian
Babanoff,Russian,Arabic
Tovstyko,Russian,Czech
Lichman,Russian,Arabic
Balanovsky,Russian,Arabic
Jakubonis,Russian,Japanese
Adabashian,Russian,Arabic
Zhvykin,Russian,Chinese
Hajkasimov,Russian,Japanese
Isachenkov,Russian,Russian
Jadkevich,Russian,Unknown
Ustinchenko,Russian,Chinese
Jikharev,Russian,Russian
Mulenkov,Russian,Russian
Mozheiko,Russian,Czech
Belkov,Russian,Russian
Pavin,Russian,Chinese
Mogilnikov,Russian,Russian
Davidyuk,Russian,Unknown
Yudkov,Russian,Russian
Zhiznyakov,Russian,Japanese
Porus,Russian,Unknown
Bakhtiarov,Russian,Japanese
Zhbankov,Russian,Arabic
Golovan,Russian,Arabic
Porokhov,Russian,Russian
Minkin,Russian,Chinese
Yadrov,Russian,Japanese
Vanjula,Russian,Arabic
Iskaev,Russian,Japanese
Andronnikov,Russian,Arabic
Zhdakaev,Russian,Japanese
Privalov,Russian,Russian
Zasodimsky,Russian,Unknown
Ilyakhin,Russian,Chinese
Kalikhov,Russian,Japanese
Marchanukov,Russian,Arabic
Timin,Russian,Chinese
Porshnev,Russian,Russian
Gassan,Russian,Arabic
Drozdetsky,Russian,Unknown
Bawvykin,Russian,Chinese
Utropov,Russian,Russian
Zhiznevsky,Russian,Unknown
Vederman,Russian,Arabic
Baderskoff,Russian,German
Robakidze,Russian,Unknown
Eroshevsky,Russian,German
Jakovchenko,Russian,Czech
Ruhtoev,Russian,Russian
Valchitsky,Russian,Unknown
Awrorin,Russian,Chinese
Yakushkov,Russian,Japanese
Timkin,Russian,Chinese
Jitomirsky,Russian,Unknown
Rennenkampf,Russian,Japanese
Dodin,Russian,Chinese
Shakhrai,Russian,Japanese
Tzapin,Russian,Chinese
Muzhitskih,Russian,Unknown
Minnubaev,Russian,Chinese
Tsekhmistrenko,Russian,Czech
Androhanov,Russian,Arabic
Bader,Russian,English
To The First  Page,Russian,Unknown
Vaksberg,Russian,German
Martidi,Russian,Italian
Munster,Russian,English
Anderson,Scottish,Arabic
Jones,Scottish,Unknown
Mcdonald,Scottish,Unknown
Campbell,Scottish,English
Ramsay,Scottish,Japanese
Douglas,Scottish,Unknown
Macdonald,Scottish,Japanese
Wright,Scottish,Unknown
Murphy,Scottish,Unknown
Black,Scottish,Unknown
Williamson,Scottish,English
Grant,Scottish,Arabic
Henderson,Scottish,English
Shaw,Scottish,Unknown
Watson,Scottish,English
Vilaró,Spanish,Unknown
Perez,Spanish,German
Gallego,Spanish,Unknown
Varela,Spanish,Japanese
Puerta,Spanish,German
Rendón,Spanish,Unknown
D'cruze,Spanish,Unknown
Félix,Spanish,Unknown
Ochoa,Spanish,Irish
Nieves,Spanish,Unknown
Oliver,Spanish,English
Blanxart,Spanish,Arabic
Azarola,Spanish,Japanese
Araya,Spanish,Japanese
Flores,Spanish,Unknown
Aberquero,Spanish,German
Rey,Spanish,English
Arreola,Spanish,Japanese
Santana,Spanish,Arabic
Franco,Spanish,Arabic
San nicolas,Spanish,Arabic
Fuentes,Spanish,Unknown
Albuquerque,Spanish,German
Rojo,Spanish,Unknown
Arena,Spanish,Japanese
Herrera,Spanish,German
Bonaventura,Spanish,German
Guerra,Spanish,German
Pavia,Spanish,Japanese
Abascal,Spanish,Japanese
Marino,Spanish,Chinese
Ramos,Spanish,Unknown
Abreu,Spanish,Unknown
De leon,Spanish,English
Puig,Spanish,Unknown
Aqua,Spanish,Japanese
Michel,Spanish,Unknown
Lopez,Spanish,Unknown
Vicario,Spanish,Unknown
Casales,Spanish,Japanese
Abana,Spanish,Arabic
Abel,Spanish,Unknown
Aritza,Spanish,Japanese
Villaverde,Spanish,German
Kim,Vietnamese,Korean
Ly,Vietnamese,Korean
Mach,Vietnamese,Unknown
Chau,Vietnamese,Unknown
Thao,Vietnamese,Chinese
Banh,Vietnamese,Arabic
Thach,Vietnamese,Unknown
Hoang,Vietnamese,Arabic
Do,Vietnamese,Korean
Than,Vietnamese,Arabic
